"season_cluster","days","guest_days","occupancy_drop_days","electricity_kwh","heat_kwh","pv_kwh","nights","temp_mean_c","temp_min_c","temp_max_c","precipitation_mm","sunshine_hours","hdd18","frost_days","heat_weather_residual_kwh","electricity_guest_impact_kwh","heat_guest_impact_kwh","potential_pv_to_heat_kwh","remaining_heat_after_pv_surplus_kwh","electricity_kwh_per_night","heat_kwh_per_night","heat_kwh_per_hdd18","electricity_guest_impact_share","heat_guest_impact_share","potential_pv_to_heat_ratio","heat_kwh_per_hdd18_per_night","heat_weather_adjusted_per_night_kwh"
"winter",151,54,12,3531.672,52694,1081.3,225,2.27814569536424,-12.4,17.8,322.4,594.2,2374,104,1182.33843576989,404.668532403455,1006.80974003318,55.552,51004.448,15.69632,234.195555555556,22.1962931760741,0.11458270541643,0.0191067244853908,0.0010542376741185,0.0986501918936628,5.25483749231064
"transition",122,16,2,1671.114,16619,1616.24,43,11.6918032786885,-3,27.1,438.9,580.5,771.4,6,-913.489196902764,77.3366528593269,192.412528095231,418.255,16200.745,38.8631162790698,386.488372093023,21.5439460720767,0.0462785021604312,0.0115778643778345,0.0251672784162705,0.501022001676203,-21.2439348116922
"summer",92,77,7,1309.348,3039,1638.22,356,18.7902173913043,7.6,31.7,368.3,583.7,77.4,0,411.052371363712,640.2755446028,1592.99674423028,459.43,2579.57,3.67794382022472,8.53651685393258,39.2635658914729,0.489003339526848,0.524184516034973,0.151178019085225,0.110290915425486,1.1546414925947
