"event_group","days","avg_nights","avg_temp_mean_c","avg_hdd18","avg_heat_kwh","avg_heat_weather_residual_kwh","avg_heat_weather_adjusted_per_night_kwh","avg_electricity_kwh","avg_pv_kwh","avg_heat_delta_prev_day_kwh","avg_heat_weather_residual_delta_prev_day_kwh","avg_electricity_delta_prev_day_kwh"
"all_days",365,1.70958904109589,9.58657534246575,8.82958904109589,198.224657534247,1.86274413761875,3.51795415397637,17.8414630136986,12.0104155124654,0.266483516483516,-0.0797596501027422,0.0733379120879121
"guest_days",147,4.24489795918367,11.8768707482993,6.91156462585034,170.108843537415,14.035836199666,3.51795415397637,20.9121156462585,13.1221768707483,-0.623287671232877,-0.0909585653443223,0.0897945205479453
"non_guest_days",218,0,8.04220183486239,10.1229357798165,217.183486238532,-6.34571702348651,NA,15.7708853211009,11.2467289719626,0.862385321100917,-0.0722594591611334,0.0623165137614679
"occupancy_increase_days",21,4.76190476190476,7.74761904761905,10.8666666666667,258.619047619048,19.4674656244015,4.0095960141424,24.8441904761905,10.4547619047619,-5.80952380952381,-1.5084142512634,0.988619047619048
"occupancy_drop_days",21,2.23809523809524,7.86666666666667,10.4285714285714,252.095238095238,22.1460300391956,7.87115869172661,25.1615238095238,10.3652380952381,11.1428571428571,9.64247008765002,1.11152380952381
"winter_guest_days",54,4.16666666666667,1.02222222222222,16.9777777777778,395.203703703704,27.6856736524483,7.38973974450179,31.9878148148148,6.18685185185185,-0.924528301886792,-1.12269262993301,0.022056603773585
"winter_non_guest_days",97,0,2.97731958762887,15.0226804123711,323.226804123711,-3.22358702538465,NA,18.6013402061856,8.03451612903226,1.70103092783505,-0.659371800253678,0.149041237113402
